<?xml version="1.0" encoding="utf-8"?>
<!-- GENERATED BY: PLM XML SDK 7.0.12.098 -->
<PLMXML xmlns="http://www.plmxml.org/Schemas/PLMXMLSchema"
 language="en-us" time="16:12:00" schemaVersion="6" author="Teamcenter V13000.2.0.20210518.00 - izn@IMC--1719475177(-1719475177)" date="2023-09-22">
<Header id="id1" traverseRootRefs="#id2" transferContext="RUNTIME_TRANSFER_MODE_650d6f78"></Header>
<Product id="id2" name="dsCAS" subType="Item" accessRefs="#id3" productId="000401">
<ApplicationRef application="Teamcenter" label="R6tVALqJZiiTxB" version="R6tVALqJZiiTxB"></ApplicationRef></Product>
<AccessIntent id="id3" ownerRefs="#id4" intent="reference"></AccessIntent>
<Site id="id4" name="IMC--1719475177" siteId="-1719475177">
<ApplicationRef application="Teamcenter" label="gSiRrnxDZiiTxB" version="gSiRrnxDZiiTxB"></ApplicationRef>
<UserData id="id5">
<UserValue title="dbms" value="1"></UserValue></UserData></Site></PLMXML>